letter, question, answer

A, Avustralya ve Yeni Zelanda Kolordusu, Anzak
A, Yeşil renkte tropik bir meyve, Avokado
A, Bir kimsenin emek vermeden sağladığı kazanç, Avanta
A, Duru, sakin havada çıkan kuru soğuk, Ayaz
A, Çabuk davranan, çevik, Atik
A, Baharat veya güzel kokular satan kimse veya dükkân, Aktar
A, Evcil büyükbaş hayvanların barındığı kapalı yer, Ahır
A, Dinî inanışa göre, insanın öldükten sonra dirilip sonsuza dek kalacağı ve Tanrı'ya hesap vereceği yer, Ahiret
A, Tavana asılan, şamdanlı, lambalı, cam veya metal süslü aydınlatma aracı, Avize
A, Çevresinde olup bitenlerin farkına varmayan, sezmeyen kimse, gözü bağlı, gafil, Aymaz
A, Belirli bir günün, olayın bir önceki günü veya ona yakın günler, Arife
A, Dünyanın, bir ülkenin, bir bölgenin fiziksel ve siyasal coğrafyası ile ekonomi, tarih vb. konularda toplu bilgi vermek için bir araya getirilmiş coğrafya haritaları derlemesi, Atlas
A, Eski Türk devletlerinde, özellikle Selçuklularda şehzadelerin eğitimi veya bağımsız olarak bir eyaletin yönetimi ile görevli vezir, Atabey
A, Subaylarda üniformaların omuzlarına takılan, rütbenin sembolünü gösteren parça, Apolet
A, Kur'an-ı Kerim'i oluşturan, başı ve sonu belli olan, harf, kelime veya cümleden oluşan Allah'ın sözleri, Ayet
A, Hayat, felsefe veya ahlak hakkında genel kabul görmüş bir gerçeği, derin bir düşünceyi en az kelimeyle, çarpıcı ve akılda kalıcı bir şekilde ifade eden özlü söz, Aforizma
A, Közlenmiş patlıcan, sarımsaklı yoğurt ve kıyma ile yapılan bir yemek türü, Alinazik
A, Aynı uğraş alanındaki insanların, kullanılan ortak, genel dilden ayrı olarak, benimseyip kullandıkları, herkesçe anlaşılamayan, kendilerine özgü sözcük ve deyimlerin yer aldığı özel dil, Argo
A, Elektrik akımı birimi, Amper
A, Baş aşağı dik durma hareketi, Amut
A, Dünyanın en büyük tropikal yağmur ormanı, Amazon
A, Bir hizmet karşılığı sürekli ve düzenli ödenen para, Aidat
A, Yaşadığı ortamdaki insanlar ve kurallarla uyumlu olmayan, kendi düşünce ve eylemleriyle oluşturduğu yaşam biçimine göre hareket eden, Asi
A, Üzüntüden ve sıkıntıdan uzak, rahat ve sakin olan, Asude
A, Güçlükle tutuşan, koku, duman çıkarmadan büyük bir ısı vererek yanan bir taş kömürü türü, Antrasit
A, Gerekli notların unutulmaması için yazıldığı takvimli defter, Ajanda
A, Vücudumuzdaki proteinlerin yapıtaşları, Amino Asit
A, Mecaz anlamda bir olayı, bir durumu yansıtan, göz önünde canlandıran olay, durum, Ayna,
A, Şiir ve nesirde uyum sağlamak için söz başlarında ve ortalarında aynı ünsüzün veya aynı hecelerin tekrarlanması, Aliterasyon
A, Kırılmış kemiklerin düzgün bir biçimde sarılabilmesi için kullanılan türlü malzemelerden yapılmış destek, Atel
A, Genellikle kadınların kullandığı bir seslenme sözü, Ayol
A, Övme, takdir, beğenme vb. duyguları belirtmek için söylenen söz, Aferin
A, Duygu sömürüsü yapma, Ajitasyon
A, Serbest bırakma, Azat
A, Süs taşı olarak kullanılan, mor renkte bir kuvars türü, Ametist
A, Türkçede "ama, fakat, lakin" veya "sadece, yalnızca" anlamlarına gelen, cümleye zaman veya zorunluluk anlamları katabilen işlevsel bir bağlaç ve edat, Ancak
A, Bir el işini veya mekanik bir işi gerçekleştirmek için özel olarak yapılmış nesne, Alet
A, Eski model karbüratörlü kamyonlarda veya otobüslerde vites düşürülürken şanzıman devrinin motora uygulayacağı baskıyı hafifletmek için uygulanan bir yöntem, Ara Gazı
A, Bir ülkenin halkına özgü ses perdesi değişiklikleri, vurgulama özelliği, Aksan
A, Güneşin batmasına yakın zamandan gecenin başlamasına kadar geçen zaman dilimi, Akşam
A, "Öyledir, doğru, diyecek yok, inandık" anlamlarında bir onaylama sözü, Amenna
A, Yanan maddelerin veya gazların türlü biçimlerdeki ışıklı uzantısı, Alev
A, Hecelerin uzunluk ve kısalık değerlerine dayanan, Arap edebiyatı kökenli ve Divan edebiyatında yaygın olarak kullanılan bir nazım ölçüsü, Aruz

B, Bir bilgisayarda verileri geçici saklayan donanım, Bellek
B, Dana veya sığırın göğüs eti veya döş bölgesi, Brisket
B, Sacda pişirilmiş yuvarlak ekmek, Bazlama
B, Düz veya kıvrımlı her çeşit yumuşak kumaş, slikon vb. malzemeden yapılan başlık, Bone
B, Müzik eşliğinde içki içilen, yemek yenilen bir tür lokanta, Bistro
B, Bir sınıflama ve dereceleme yapabilmek için belirlenmiş olan ölçü sistemi, Barem
B, Dalın gövde içindeki başlangıç yeri olan ve tahtalarda görülen, yuvarlak ve koyuca renkte sert bölüm, Budak
B, Şişman, gürbüz iri cüsseli çocuk, Balaban
B, Hayvanların, arka bacaklarının gövdeye bitişik olan dolgun, etli bölümü, But
B, Başıboş, serseri kimse, Berduş
B, Atom numarası 5 olan, bileşikleri sabun, cam, porselen yapımı gibi çeşitli yerlerde kullanılan element, Bor
B, Şehirde yaşayan, üretim araçlarını ellerinde bulunduran ve kendi başına üretim ve kazanç yollarında çalışarak kendine geniş bir geçim sağlayan kimse, Burjuva
B, Yeryüzündeki herhangi bir noktanın meridyen çemberiyle başlangıç olarak alınan Greenwich Gözlemevi'nin meridyen çemberi arasındaki açı değeri, meridyen, Boylam
B, Eşleri kardeş olan erkeklerin birbirine göre durumu, Bacanak
B, İslam dininde Hz. Muhammed zamanından sonra ortaya çıkan değişik yargılar ve ilkeler, Bidat
B, Amerika'da yaşayan bir cins hörgüçlü yaban öküzü, Bizon
B, Bitki bilimi, Botanik
B, Sulu, cıvık hamur, Bulamaç
B, İki direkli, seren yelkenli, birkaç top taşıyan gemi, Brik
B, Çoğunlukla mor kadife üzerine sırma ile kabartma dal, yaprak ve çiçek işlenmiş, uzun kollu, boyu yere kadar uzanan, önü açık giysi, Bindallı
B, Enine göre boyu kısa ve tıknaz, Bodur
B, Bir işe, bir duruma, bir harekete sonucunun ne olacağını düşünmeden girişmek, Balıklama
B, Siyasal anlamda Avrupa ve Kuzey Amerika, Batı
B, Herkesçe kullanılan, anlaşılan, Banal
B, Jeolojide herhangi bir aşınma sürecinde veya taşıma işi yapılırken alüvyonlu maddelerin bırakılması, Birikim
B, Öpücük, Buse
B, Su biriktirmek için akan suyun önüne yapılan set, Bent
B, Bir şiirdeki dörtlüklerin her biri, Bent
B, Bir konuda hazırlıksız konuşabilme yeteneği, Bedahet
B, Arpa, darı, mısır, buğday vb. tahılların hamurunun ekşitilmesiyle yapılan koyuca, tatlı veya mayhoş içecek, Boza
B, Yolcu taşıtlarında yüklerin konulduğu yer, Bagaj
B, Kadınların saçlarını kıvırmak için kullandıkları, metal, sünger veya plastikten, boru biçiminde küçük araç, Bigudi
B, Isı etkisiyle sıvıların ve bazı katıların dönüştükleri gaz durumu, Buhar
B, Değerli olmayan maden veya taşlardan yapılmış takı, süs eşyası, Bijuteri
B, Banyodan çıkarken kurulanmak için kullanılan, kollu, önden açık, havludan yapılmış giyecek, Bornoz
B, Ateşli silahlarda barut gazının basıncı ile fırlayıp hedefe varıncaya kadar merminin havadaki hareketini inceleyen bilim, Balistik
b, Malın değişik özelliklerini ve fiyatını belirten, elektronik aygıtların okuyabileceği biçimde düzenlenmiş etiket, Barkod
B, Kötü durum, içinden çıkılmaz iş, Batak
B, Bir işte tutulması gereken yolu kestirememek, ne yapacağını bilememek, kararsız olmak, Bocalamak

C, İlgi uyandıran, elverişli, Cazip
C, Bilgisayarın işlem yapan ana bileşeni, CPU
C, Genellikle dükkânlarda malların sergilendiği camlı bölme, Camekan
C, İslam ülkelerinde Müslüman olmayanlardan alınan bir vergi türü, Cizye
C, Düşüncesizce, saygıyı aşan davranış, Cüret
C, Bir ülkede yönetime silah zoruyla el koyan kimselerden oluşan kurul, Cunta
C, Hansen basilinin sebep olduğu, sinir sistemi ve deri başta olmak üzere birçok sistem ve organı etkileyebilen bulaşıcı bir hastalık, Cüzzam
C, Ezilmiş havuç içine fındık veya ceviz parçaları eklenerek yapılan bir tatlı türü, Cezerye
C, Savaşta kahramanlık gösteren kimse, Cengaver
C, Her türlü çıkar düşüncesinden uzak, Candan
C, Atletizmde kullanılan ucu sivri, üzeri sargılı metal sırık, Cirit
C, Mecaz anlamda bir şeydeki aldatıcı, göz boyayıcı durum, Cila
C, Osmanlı Devleti'nde atlı olan ve savaşlarda padişahın önünde düşmana karşı ilk saldırıya geçen birlik, Cambaz
C, Bir yöne doğru akma, Cereyan
C, Eski dilde başladığı işi ustalıkla, becerikli bir biçimde başarma, Cerbeze
C, Katolik Kilisesi'nde erkekler için papalık hakkına sahip düzenli din adamları tarikatı, Cizvit
C, Karşısındakini ağız kalabalığı ile yıldıran kimse, Cadaloz
C, İlgi uyandırmayan, sönük olan anlamında kullanılan bir sıfat, Cansız
C, Sert bir şey yırtılırken çıkan ses, Cart
C, Çok anlamı olan bir kelimenin iyi anlamını kullanır görünerek kötüsünü öne çıkarma, Cinas
C, İnce, acı ve yüksek sesle bağırmak, Cıyaklamak
C, Manevi açıdan yapılan baskı, Cendere
C, Patates, mısır vb. yapılan gevrek atıştırmalık, Cips
C, Küçük ve sevimli kız çocuğu, Cimcime
C, Askerlik görevini yapmaya çağırma, Celp
C, Dinî inanışa göre duyularla kavranamayan, insanlar gibi irade ve anlama yeteneğine sahip, ilahi emirlere uymakla yükümlü tutulan yaratık, Cin

D, Sıkı düzen, düzence, düzen bağı, inzibat, zapturapt, Disiplin
D, Tırtıllı veya lastik tekerlekli yol yapım makinesi, Dozer
D, Kuzey Yarım Küre'nin genellikle ılıman bölgelerinde yetişen, yapraklarıyla ipek böceği beslenen ağaç, Dut
D, Tekerleklerin merkezinden geçen ve taşıtın altına enlemesine yerleştirilmiş mil, Dingil
D, Yerini değiştirmeyen, hareketsiz, sabit, Durağan
D, Gelinin başını, bazen de yüzünü örten dantel veya tülden örtü, Duvak
D, Her türlü iplikle örülen veya bir kumaşın kenarına işlenen türlü biçimde ince ve ağ görünümünde örgü, Dantel
D, Hava sıcaklığının sıfırdan aşağı düşmesiyle suların buz tutması, Don
D, Başında saçı olmayan kimse, Dazlak
D, Üstü şekerli, renkli ve parlak bir madde ile kaplanmış hap, Draje
D, Geri bildirim, Dönüt
D, Yargı organınca hükme bağlanması gereken konu, Dava
D, Uluslararası ilişkileri düzenleyen antlaşmalar bütünü, Diplomasi
D, Karelere ayrılmış zemin üzerinde on altı taşla iki kişi arasında oynanan oyun, Dama
D, Avrupa ülkelerinde prensten sonra gelen en yüksek soyluluk ünvanı, Dük
D, Simit gibi delikli veya deliksiz biçimde olan, şeker ve yağla yapılan bir tür tatlı çörek, Donut
D, Dük eşi, Düşes
D, Metin içinde geçen herhangi bir bilgi ile ilgili olarak sayfa altına, çalışmanın sonuna konulan açıklama veya kaynak bilgisi, Dipnot
D, Bir akarsuyun herhangi bir kesiminden saniyede geçen suyun hacmi, Debi
D, Havalanan tozların veya sisin oluşturduğu bulanıklık, Duman
D, Taştan veya ağaçtan yapılmış büyük havan, Dibek
D, Tanrı'ya, doğaüstü güçlere, çeşitli kutsal varlıklara inanmayı ve tapınmayı sistemleştiren toplumsal bir kurum, Din
D, Uzun süre yapılan bir işin getirdiği alışkanlıkların, düşünme biçimlerinin veya stresin kişinin karakterine, davranışlarına ve günlük yaşamına olumsuz yansıması, Mesleki ..., Deformasyon
D, Sinema, tiyatro, müzik, dans, bale vb. sanatlara emek vermiş, alanında uzmanlaşmış ve tanınmış olan kadın sanatçı, Diva
D, Veri, Done
D, Yapıları dış etkilerden korumak amacıyla üzerlerine yapılan çoğu kiremit kaplı bölüm, Dam
D, Dansta erkeğe eş olan kadın, Dam
D, Hedef noktaları dairesel olarak belirlenmiş nişan tahtasına küçük okların atılmasıyla oynanan bir oyun, Dart
D, Tüfek vb. silahların namlu gerisinde bulunan, atış sırasında silahın omza dayanmasını veya tabancanın elle kavranmasını sağlayan taban bölümü, Dipçik
D, İki kromozom takımı taşıyan hücre veya organizma, Diploit
D, Vidanın daha sağlam yerleşmesi için duvarlarda açılan deliğe önceden çakılan plastik yuva, Dübel
D, Piyasalarda üretimin, kredilerin, döviz imkânlarının, sürümün, ham madde arzının ve malzeme stoklarının gereksinim düzeyi altına düştüğü sıkıntılı durum, Darboğaz

E, Belirti, ipucu, iz, Emare
E, İki sabit noktadan olan uzaklıklarının toplamı aynı değere eşit olan noktalardan oluşan kapalı eğri, Elips
E, Mal ve değerlere ait döküm, Envanter
E, Vücut kemiklerinin uç uca veya kenar kenara gelip birleştiği yer, Eklem
E, Et veya tavuk suyuna kırmızı mercimek, yağ, nane, karabiber, kırmızıbiber karıştırılarak pişirilen ve Anadolu'da yaygın olan bir çorba türü, Ezogelin
E, İhalelerde sözleşme fiyatının maliyetlerdeki artışa göre güncellenmesi, Eskalasyon
E, Hekimlikte kullanılan, çok uçucu, renksiz ve kendine özgü kokusu olan bir sıvı, Eter
E, Kişisel haklarını kendi kullanabilmesi için yasanın gösterdiği on sekiz yaşına gelmiş olan kimse, Ergin
E, Yazıları yeniden düzenleyerek yayıma hazırlayan kimse, Editör
E, Deprem, rüzgâr, sel vb. iç ve dış etmenlerin etkisiyle oluşan yayla, ova, koyak, çukur, dağ vb. biçimlerin bütünü, Engebe
E, Köken bilimi, Etimoloji
E, Birine geçici olarak bırakılan ve teslim alınan kişice korunması gereken eşya, Emanet
E, Bir cihazın başka bir işletim sistemini veya donanımı taklit ederek o sisteme ait yazılım ve oyunları çalıştırmasını sağlayan platform, Emülatör
E, Klasik dönem Osmanlı saraylarında sultanın hayatını geçirdiği, harem ve hazine dairelerinin bulunduğu iç bölüm, Enderun
E, Bir görevde uzun süre kalıp o işe emeği geçmiş olan kimse, Emektar
E, Müslümanlıkta namaz vaktini bildirmek için müezzinin yüksek sesle yaptığı çağrı, Ezan
E, Belli kurallara göre düzenlenmiş, kulağa hoş gelen ses dizisi, ahenk, Ezgi
E, Boy pos, Endam
E, Bütünleşmiş, Entegre
E, Matematikte kümeye ait varlıklardan her biri, Eleman
E, Bir işten anlayan, bir işi iyi yapan kimse, Erbap
E, Bakanlık ve elçilikten başlayarak cumhurbaşkanlığına kadar yükselen, yüksek makam sahibi yabancılara verilen şeref ünvanı, Ekselans
E, Köken bilimi, Etimoloji
E, Genellikle virüs veya bakteri kaynaklı enfeksiyonlar nedeniyle ince bağırsağın iç zarının iltihaplanması durumu, Enterit
E, Çocukların ve gençlerin toplum yaşayışında yerlerini almaları için gerekli bilgi, beceri ve anlayışları elde etmelerine, kişiliklerini geliştirmelerine okul içinde veya dışında, doğrudan veya dolaylı yardım etme, Eğitim
E, Hormonları üreten ve salgılayan bezlerden oluşan bir sistem, Endokrin
E, Matematikte üzerinde bir pozitif yön varsayılan sonsuz doğru, Eksen
E, Yumurta ve sperm hücrelerinin döllenmesi sonucu oluşan tek hücreli zigotun bölünerek çoğalmasıyla meydana gelen, gebeliğin ilk 8-9 haftalık sürecindeki en erken gelişim aşaması, Embriyo
E, Beyindeki sinir hücrelerinde anormal elektriksel aktivite dalgalanmaları ve deşarj sonucu, ani ve kontrol edilemeyen kasılma, istemsiz hareketler ve bilinç kaybı gibi nöbetlerle karakterize beyin hastalığı, Epilepsi
E, Işıklama süresi saniyenin 1/25'i veya daha kısa olan hızlı bir hareketi çekme yöntemi, Enstantane
E, Dinî buyrukları yerine getirmek, Eda Etmek
E, Rumi takvimde 22 Aralık'tan 31 Ocak gününe kadar süren kırk günlük kış dönemi, Erbain

F, Evre, safha, Faz
F, Pürüzsüz göstermek veya renk vermek için cilde sürülen, yarı sıvı veya boyalı krem, Fondöten
F, Taşıtların ön bölümünde bulunan, kısa ve uzun mesafeyi aydınlatmaya yarayan ışık düzeneği, Far
F, Kadınların sokakta giydikleri, mantoya benzer, arkası bol, yakasız, çoğu kez eteklere kadar uzayan üst giysisi, Ferace
F, Cankurtaran sandalı, Filika
F, Eski Mısır hükümdarlarına verilen ünvan, Firavun
F, Olağandan bol, aşırı çoklukta bulunma durumu, Furya
F, Akışkan içindeki yabancı maddeleri veya istenmeyen parçacıkları ayırarak temizlenmesini sağlayan, süzme işlemi yapan araç, Filtre
F, Toplanan süprüntüleri alıp atmak için kullanılan teneke veya plastikten yapılmış bir tür kürek, Faraş
F, İlaçların organizma üzerindeki etkisini inceleyen ilaç bilimi dalı, Farmakodinami
F, Elektrik ampullerinden akım geçtiğinde akkor duruma gelen ince iletken tel, Filaman
F, Bir siyasi partinin politikasını parlamentoda, yerel yönetimlerde, çeşitli kuruluşlarda yürütmek için teşkilatlanmış grup, Fraksiyon
F, Kanun maddelerinin kendi içlerinde satır başlarıyla ayrıldıkları ufak bölümlerden her biri, Fıkra
F, Bir amaç uğrunda bir değer veya varlıktan vazgeçme, Feda
F, Devlet başkanlarının bulunduğu yerlere ve bindiği taşıtlara çekilen, özel biçimli bayrak, Fors
F, Bir sorunun dinî hukuk kurallarına göre çözümünü açıklamak amacıyla müftü veya şeyhülislam tarafından  yapılan açıklama, Fetva
F, Herhangi bir dilde yer alan seslerin fiziksel özellikleri, Fonetik
F, İran'ın güneybatısında yaşayan halk, Fars
F, Tutsak edilen veya rehin alınan bir kimsenin serbest bırakılması için istenen para, Fidye
F, Varsayımsal, Farazi
F, Lağım çukuru, Foseptik
F, Çay, kahve vb. sıcak şeyler içmekte kullanılan, genellikle kulplu, porselen veya camdan yapılmış küçük kap, Fincan
F, Bir şeye, bir kimseye aşırı hayranlık duyan kimse, Fan
F, Mor ve pembe tonlarının birleşiminden oluşan canlı, parlak bir renk, Fuşya
F, Bir şehir veya ülkeyi savaşarak alma, Fetih
F, Kur'an'ın ilk suresi, Fatiha
F, Meyve şekeri, Fruktoz
F, Aşırı milliyetçilik, otoriterlik, militarizm ve anti-demokratik yapıya dayanan, devletin bireyden üstün görüldüğü sağcı bir siyasi ideoloji, Faşizm
F, Çıkarma işleminin sonucu, Fark
F, Herhangi bir özelliğiyle dikkat çeken, kitleleri etkileme gücü olan kimse, Fenomen
F, Duyular aracılığıyla algılanan, zihne görünen, deneyimlenen olay veya nesnelerin bütünü, Fenomen
F, Bir dansı veya oyunu oluşturan ölçülü adımlarla beliren zincirleme hareketlerden her biri, Figür
F, Genellikle tiyatro ve sinemada, konuşması olmayan veya konuşması çok az olan rollere çıkan kimse, Figüran
F, Duvarları kaplayıp süslemek için kullanılan, bir yüzü sırlı ve türlü desenlerle bezenmiş, pişmiş balçıktan levha, Fayans
F, Bezginliğin verdiği gevşeklik ve gayretsizlik, Fütur
F, Bir halkın kültürünü oluşturan sözlü gelenekler, danslar, müzikler, inançlar, efsaneler, atasözleri gibi tüm kültürel öğeleri inceleyen bilim dalı, Folklor
F, Tanıtma filmi, Fragman
F, Mızrak uçlarına takılan küçük bayrak, Flama
F, Anlatılan bir konuyu anlayamamak, herhangi bir konudan uzak kalmak anlamlarında kullanılan bir deyim, Fransız Kalmak
F, Bir sonuca etki eden, onu belirleyen ya da değiştiren unsur, etken, Faktör
F, Sonuna kadar, bir solukta, bir dikişte, Fondip
F, Yelkenleri açtırmak için verilen komut, Fora
F, Anüse konulan donmuş yağ kıvamında ve koni biçiminde ilaç, Fitil
F, Döl yatağının üst köşesinden yumurtalığa kadar uzanan, yaklaşık 10 santimetre uzunluğundaki boru, Fallop Tüpü
F, Tavuğun istenilen yere yumurtlaması için o yere konulan yumurta, Fol
F, İşlevsel, Fonksiyonel
F, İnsanın veya bir varlığın doğuştan getirdiği temel karakter, yapı, tabiat ve yaradılış özellikleri, Fıtrat

G, Bir maddenin en küçük tanesi, Granül
G, Yazılım projelerini tutan popüler versiyon kontrol sistemi, Git
G, Bir yerleşim bölgesinin, aynı şehir, ülke veya kültürden gelen insanların yerleştiği bölümü, Getto
G, İnek sütünden yapılan, sert yapılı, açık sarı renge sahip ve gözenekli bir peynir, Gravyer
G, Genellikle Venedik'te kullanılan, ayakta, kıç tarafta tek kürekle yürütülen, 10 metre uzunluğunda, yassı ve iki başı yukarıya kıvrık kayık, Gondol
G, Bir iletkenin uçları arasındaki gizil güç farkı, potansiyel farkı, voltaj, Gerilim
G, Doğup yaşanılmış olan yerden uzak yer, Gurbet
G, Kamıştan yapılmış çift düdük ve tulumdan oluşan, tiz sesli, nefesli, İskoçların millî çalgısı, Gayda
G, Ölü yıkama yeri, Gasilhane
G, Argoda karısının veya bir kadın yakınının ihanetine uğramış erkek, Geyik
G, Yersiz, beceriksiz, zamansız söz veya davranış, Gaf
G, Yemek yenilen, gösteri izlenen, müzik dinlenen, bazen oyun sergilenen eğlence yeri, Gazino
G, İslam dinini korumak veya yaymak amacıyla Müslüman olmayanlara karşı yapılan kutsal savaş, Gaza
G, Bir şeye veya bir kimseye özgü olmayıp onun bütün benzerlerini içine alan, Genel
G, Orta Çağ'a özgü, Gotik
G, Her sene basılan ve hem insanlar tarafından kırılan hem de doğanın aşırılıklarının neden olduğu dünya rekorlarını barındıran bir referans kitabı, Guinness
G, Bir kamu kuruluşunu veya özel kuruluşu yöneten kimse, Guvernör
G, Tuhaflık, alışılmadık, yadırganacak durum veya anormal özellik, Garabet
G, Futbolda topun kale çizgisini geçmesiyle kazanılan sayı, Gol
G, Çin, Japonya, Kore vb. Uzak Doğu ülkelerinde yetişen, geleneksel tedavilerde kullanılan, kazık köklü, otsu ve çok yıllık bir bitki, Ginseng
G, Boyundaki troit bezinin aşırı büyümesiyle beliren hastalık, Guatr
G, Görünüşe göre, sanılır ki, anlaşıldığı gibi anlamında bir zarf, Galiba
G, Boy abdesti, Gusül
G, Değişik şartlara bağlı olarak belli bir yöre içinde çadır, hayvan ve öteki araçlarla yer değiştiren, yerleşik olmayan kimse veya topluluk, Göçebe
G, Devletin koyduğu kurallar dışında kalan, Gayrıresmi
G, Yasa dışı işler yapan çete üyesi, Gangster
G, Almanya'da Hitler döneminde kurulan gizli, siyasi polis örgütü, Gestapo
G, Makine yağı, Gres
G, Alay edilecek durumda olan, Gülünç
G, Et veya balık gibi asıl yemeğin yanına eklenen sebze, patates vb. yiyecekler, Garnitür
G, Yandan kulplu, boynu uzun, genellikle bakırdan su kabı, Güğüm
G, Mecaz anlamda bir sözü tam olarak ve açıkça söylememek, Gevelemek
G, Kolayca kırılıp ufalanan anlamına gelen bir sıfat, Gevrek
G, Hayvan veya hayvan sürüsünü önüne katıp otlatmak, Gütmek
G, Bir şey anlatmaya başlamadan önce sözü asıl konuya getirmek için söylenen giriş sözleri, Girizgah
G, Elazığ yöresine ait, "kardeş", "ağabey", "dost" ve "yiğit delikanlı" anlamlarına gelen sevgi ve samimiyet içerikli bir hitap sözü, Gakkoş
G, Demir veya çelik malzemelerin korozyona karşı korunması amacıyla, yaklaşık 450 °C sıcaklıktaki erimiş çinko banyosuna daldırılarak yüzeylerinin çinko ile kaplanması işlemi, Galvaniz
G, Vücudun omuzlarla baş arasında kalan ön bölümü, Gerdan
G, Savaşta düşmandan zorla ele geçirilen mal, Ganimet
G, Düşük çözünürlüklü ve kısa, döngüsel hareketli görüntüleri destekleyen, internette yaygın kullanılan bir 8-bit resim dosyası formatı, Gif

H, Tütün kıyma makinesi, Havan
H, İşe yaramayacak derecede bozulmuş, zarar görmüş, Hurda
H, Saray ve konaklarda kadınlara ayrılan bölüm, selamlık karşıtı, Harem
H, Yaşlanmış kimselerin bakımlarının yapıldığı ve barındığı kurum, Huzurevi
H, Suları aynı deniz, göl veya nehre akan, dağ veya tepelerle sınırlanmış kara parçası, Havza
H, Güneybatı Afrika’da yaşayan ilkel bir boy, Hotanto
H, Kiremit ve tuğla tozlarının kireç ve su ile karıştırılmasından elde edilen bir harç türü, Horasan
H, Zevki için para harcamaktan kaçınmayan kimse, Hovarda
H, İnsanın yaradılış ve ruh özelliklerinin, eğilimlerinin ve içgüdülerinin bütünü, Huy
H, Arap alfabesiyle güzel yazı yazma sanatı ve bu biçimde yazılmış yazı, Hat
H, Verilen karara göre, karar gereği anlamına gelen bir zarf, Hükmen
H, Toprağı kazma, kazı, Hafriyat
H, Şanlıurfa'nın "Batık Şehir" olarak da anılan ilçesi, Halfeti
H, Cennette yaşadığına inanılan dişi varlık, Huri
H, Silahlı soygun yapan, yol kesen kimse, Haydut
H, İçine mürekkep konulan küçük kap, Hokka
H, İki farklı türün, teknolojinin veya enerji kaynağının bir araya getirilerek tek bir yapıda kullanılması, melez, Hibrit
H, Etkili söz söyleme sanatı, Hitabet
H, Genellikle mersin balığının salamura edilmiş yumurtası; balık yumurtası, Havyar
H, İstemeyerek ve bilmeyerek yapılan yanlış, Hata
H, Uçak, araba, tarım aracı vb. nesneleri barındırmaya yarar kapalı yer, Hangar
H, Ayrışık, homojen zıttı, Heterojen
H, Doğru bir çizgi üzerinde bulunma durumu, Hiza
H, Bir topluluk, kongre vb. yerlerde katılanları ağırlayan, onlara kılavuzluk eden erkek, Host
H, Bir cismin uzayda doldurduğu boşluk, Hacim
H, Kur'an'ın her cüzünün beş sayfalık bölümü, Hizip
H, Bağış, Hibe
H, Dışarıdan gerçek bir uyarıcı olmadığı halde, kişinin 5 duyu organından biri veya birkaçı aracılığıyla gerçek dışı görüntüler, sesler, kokular, tatlar veya dokunuşlar algılaması, Halüsinasyon
H, Daha ziyade gençlerin ve araştırmacıların konaklaması için yapılmış ve belirli kurallara göre yönetilen ucuz tesis, Hostel
H, Uçaklarda yolcu ağırlayan kadın, Hostes
H, Fanatizmden beslenen, aşırı davranışlarda bulunan ve çevreye zarar vermeye eğilimli taraftar, Holigan
H, Dinleyenleri etkilemek veya heyecanlandırmak amacıyla yapılan abartılı anlatım, Hamaset
H, İnsanlara, evlere veya tarım ürünlerine zarar veren, rahatsızlık uyandıran küçük böcekler, eklem bacaklılar ve bazı küçük canlıla için kullanılan terim, Haşere
H, Gerçekle bağı kopmuş, mantıkla düzeltilemeyen, ikna edilemeyen yanlış ve sabit inançlar ile sayıklama veya saçmalama durumu, Hezeyan
H, Elektrik dalgalarını ses dalgasına çeviren ve gerektiğinde sesi yükseltmeye yarayan alet, Hoparlör
H, Kadın için kullanılan adlandırmalardan sonraya getirilen saygı sözü, Hanım
H, Elinde bulunduran, üzerinde taşıyan, Hamil
H, İslamiyet’ten önceki dinlerden kalan veya dinde olmadığı hâlde sonradan oluşturulmuş, gerçekle ilgisi bulunmayan batıl inanç, Hurafe
H, Toplumu düzenleyen ve devletin yaptırım gücünü belirleyen yasaların bütünü, Hukuk

İ, Yumuşak bölümleri dökülmüş, ölü bir vücudun kemiklerinin bütünü, İskelet
İ, Halk arasında çarpan balığı ismiyle de bilinen balık, İskorpit
İ, Akıl dışı, mantıksız, İrrasyonel
İ, Kişinin ırk, din, milliyet, siyasi görüş veya belirli bir sosyal gruba mensubiyeti nedeniyle kendi ülkesinde zulüm görme korkusuyla başka bir ülkeye sığınma talebinde bulunması, İltica
İ, Bir çağrıyı yerine getirme, bir çağrıya gitme, İcabet
İ, Cinsel konularda ahlak kurallarına bağlılık, İffet
İ, Toplum düzenini ve yapısını daha iyi duruma getirmek için yapılan köklü değişiklik, İnkılap
İ, Bir şeyi yapıp yapmama konusunda kişinin kendi kendine karar verebilme ve bunu uygulama gücü, İrade
İ, Su koymaya yarayan kulplu, emzikli kap, İbrik
İ, Bir hastalığı iyi etmek veya önlemek için türlü yollarla kullanılan madde, İlaç
İ, Dolmuş taşımacılığında belli bir alan içinde yapılan en kısa yolculuk, İndibindi
İ, Vücudun mikroplara karşı koymak için herhangi bir yerine fazla kan hücumu ile orada şişkinlik, kırmızılık, ısı ve ağrı ile beliren irin toplaması, İltihap
İ, Tren, metro durağı, İstasyon
İ, Gereksiz yere para, zaman, emek vb. harcama, savurganlık, İsraf
İ, Söz dinleme, boyun eğme, buyruğa uyma, İtaat
İ, Kendi cinsinden olanlara göre dar ve kalınlığı az olan, İnce
İ, Sürdürme, devam etme, İdame
İ, Bir şeyi armağan olarak verme, sunma, İkram
İ, Nöbeti hastane yerine evde tutan ve her an hastaneden çağrılmayı bekleyen doktor, İcapçı
İ, Teklifsiz konuşmada anlışlığı sebebiyle gülünç olan söz veya cümle, İnci
İ, Taklit, İmitasyon
İ, Arapça'da biçim değiştirme, İstihale
İ, Osmanlı Devleti'nin fethettiği toprakları kalıcı hale getirmek, Türkleştirmek ve İslamlaştırmak amacıyla uyguladığı yerleştirme ve yurtlandırma politikası, İskan
İ, Bir kimseye çalıştığı yerce verilen tatil, İzin
İ, Felsefede zihinsel bir düşünce, kavram, tasarım veya bir nesnenin zihindeki görüntüsü, İde
İ, Ölçü aletleri, saat ve göstergelerde sayı veya işaret göstermeye yarayan hareketli iğne, İbre
İ, Kusma, İstifra
İ, Sonsuza değin, sonsuzluğa kadar, İlelebet
İ, Sert buğdaydan elde edilen, taneleri iri, glütence zengin un, İrmik
İ, Horoz, hindi vb. hayvanların tepesinde bulunan kırmızı deri uzantısı, İbik
İ, Bir kimsenin herhangi bir belgeyi yazdığını veya onayladığını belirtmek için her zaman aynı biçimde kullandığı işaret, İmza
İ, Siyasal veya toplumsal bir öğreti oluşturan, bir hükûmetin, bir partinin, bir grubun davranışlarına yön veren politik, hukuki, bilimsel, felsefi, dinî, moral, estetik düşünceler bütünü, İdeoloji

K, Motorlu araçları çalıştırmaya yarayan düzenek, Kontak
K, Suç bilimi, Kriminoloji
K, Duvar örmekte kullanılmak için kalıplara dökülüp güneşte kurutulmuş saman ve balçık karışımı ilkel tuğla, Kerpiç
K, Devlet yönetiminde cumhurbaşkanı veya başbakan başkanlığında toplanan bakanlar kurulu, Kabine
K, Silisyum ve oksijen atomlarından oluşan sert, kristalli bir mineral, Kuvars
K, Bir ilçede devleti temsil eden en yetkili yönetim görevlisi, Kaymakam
K, Tırnak, boynuz, kıl gibi üst deri ürünü olan yapıları oluşturan proteinli madde, Keratin
K, Gemide güverte hizasında ıskarmoz bağlarına tutturulan dikmelerin dış yüzlerine kaplanan kaplamaların oluşturduğu siper, güverteden yukarı kalan bölüm, Küpeşte
K, Bir araştırma veya incelemede yararlanılan çalışmaları gösteren liste, Kaynakça
K, Pişen yemeği başka kaba boşaltmak, Kotarmak
K, Çok sayıda kadınla ilişki yaşayan, çapkın, karizmatik ve baştan çıkarıcı erkekler için kullanılan bir sıfat, Kazanova
K, Bir olayın gerçekleşeceğini önceden bilme, prediksiyon, Kehanet
K, İkinci Dünya Savaşı yıllarında Japonların kullandığı intihar uçağı, Kamikaze
K, Ağır bir yükün kaldırılmasını veya otomobil vb. taşıtların yerden yükseltilmesini sağlayan alet, Kriko
K, Hareket sisteminin yapı taşlarını, özellikle kemik, lif ve eklemleri oluşturan protein, Kolajen
K, Hareket olaylarını inceleyen bilim dalı, Kinetik
K, Her türlü durum ve şartın ortaya çıkardığı sonuç anlamına gelen Fransızca kökenli bir sözcük, Konjonktür
K, Bir işi yapmak, yönetmek veya bir kurum ve kuruluşu temsil etmek için görevlendirilmiş kişilerden oluşmuş topluluk, heyet, Kurul
K, Bir ülkenin veya bir yerin dış dünya ile olan her türlü bağlantısını kuvvet kullanarak kesme, Kuşatma
K, Sinema ve tiyatroda rol gereği giyilen kıyafet, Kostüm
K, Bazı yerlere girmek veya bazı şeylerden yararlanmak için verilen, kimliği belirten belge, Kart
K, Kahve ve çayda bulunan, hekimlikte kullanılan, kasları, sinirleri uyarıcı, mide salgısını ve metabolik hızı artırıcı etki yapan bir madde, Kafein
K, Soğuk veya sıcak hava vererek kapalı bir yerin havasını değiştiren elektrikli araç, Klima
K, İyice yanarak ateş durumuna gelmiş kömür veya odun parçası, Kor
K, Göz merceğinin saydamlığını yitirerek ağarmasından ileri gelen ve görmeyi engelleyen rahatsızlık, Katarakt
K, Divan edebiyatında din ve devlet büyüklerini övmek amacıyla yazılan, 15-99 beyit arasında değişen, aruz ölçüsüyle kaleme alınan uzun şiir türü, Kaside
K, Bir sayının üçüncü kuvveti, Küp
K, Tartışmalı bir konuda uzlaşılarak ulaşılan genel görüş birliği, uzlaşı, Konsensüs
K, Osmanlı Devleti’nde deniz kuvvetlerinin en büyük askerî ve idari amiri, Kaptanıderya
K, Belirli bir sürenin bir birim olarak kabul edildiği ve telefonda toplam konuşma süresinin kaç birim olduğunu sayısal olarak gösteren araç, Kontör
K, Arasına yağ ve kaymak sürülerek katlanmış yufka ekmeği, Katmer
K, Yağmur, soğuk gibi dış etkilere karşı başa geçirilen, giysiye dikili veya ayrı olarak kullanılan başlık, Kukuleta
K, Bir eğrinin iki noktasını birleştiren doğru parçası, Kiriş
K, Bir şey çekmeye yarar, ucu çengelli demir çubuk, Kanca
K, Pamuktan yapılmış, üzerine sarık sarılan erkek başlığı, Kavuk
K, Başta Tanrı'nın varlığı, birliği, peygamberlik ve ahiret olmak üzere İslamiyet'in ana ilkelerini konu edinen bilim, Kelam
K, Karyolanın yanı başına konulan üstü masa biçimindeki küçük dolap, Komodin
K, Hem ısıtmaya hem de üzerinde veya fırınında yemek pişirmeye yarayan büyük mutfak sobası, Kuzine
K, Yer kabuğunun yapı gereci olan bir veya birkaç mineralden oluşan kütle, Kayaç
K, Bir ülkede veya ülkeler arasında, toplumun veya bir kuruluşun yaşamında görülen güç dönem, Kriz
K, Sanayide küçük ve yuva içine yerleştirilmiş vidaları sökmeye yarayan ince, uzun ağızlı alet, Kargaburnu
K, Aralarında töre, dil ve kültür ortaklığı bulunan, boy ve soy bakımından da birbirine bağlı insan topluluğu, Kavim
K, Bir terzinin veya modaevinin yarattığı her türlü yeni model, Kreasyon
K, Hayvanları tımar etmek için kullanılan dişli araç, Kaşağı
K, Bir sözü gerçek anlamının dışında kullanma sanatı, Kinaye
K, İçine bazı şeyler koymak için huni biçiminde bükülmüş kâğıt kap, Külah
K, İki veya dört tekerlekli, dingili tekerlekle birlikte dönen öküz arabası, Kağnı
K, Öğrencilere duygu ve düşüncelerini etkili ve düzgün bir biçimde anlatmaları için yaptırılan yazılı veya sözlü çalışma, Kompozisyon
K, Ayrı türden olan ögelerin karıştırılmasıyla oluşmuş, Karma
K, Belirli bir süre uygulanan tedavi edici yöntem, ilaç veya bakım süreci, Kür
K, Kundak çocuklarının başlarında görülen kepek tabakası, Konak
K, Yolculukta geceyi geçirmek için inilen yer, Konak
K, Kur'an'ı belli kural ve işaretlere göre okuma, Kıraat
K, Geniş kollu sabahlık, Kimono
K, Kapı çalındığında gelen kişiyi öğrenmek için kullanılan bir soru sözü, Kim o
K, Yazıt, Kitabe
K, Kar veya buz üzerinde kayarak yol alan tekerleksiz taşıt, Kızak
K, Cennette bulunduğuna inanılan kutsal ırmak, havuz veya çeşme, Kevser
K, Ordunun uzun bir süre veya geçici olarak konakladığı yer, Karargah
K, Bazı hastalıklar, yaralanmalar, zehirlenmeler sırasında görülen anlama, duyma ve hareketin büsbütün veya az çok kaybolmasıyla beliren bilinç kaybı durumu, Koma
K, Lokantalarda garson yardımcısı, Komi
K, Eritilmiş ve birazı yakılmış şekerle yapılan şekerleme, karamelayakılarak kavrulmuş şekere süt, yağ, krema vb. katılarak yapılan kıvamlı şekerleme, Karamel
K, Haşlanmış yiyeceklerin sıvılarını veya bazı sıvıları süzmek için kullanılan, delikli, genellikle yuvarlak biçimli mutfak kabı, Kevgir
K, Tüfek, tabanca vb. hafif ateşli silahlarda kullanılan mermi, Kurşun
K, Dilbilgisinde fiillerin zamanını, yapılış şeklini ve şahsını belirten, fiil kök veya gövdelerine gelen eklerle oluşturulan anlatım kalıpları, Kip
K, Ayağa giyilen şeylerde ayak bileğinden baldıra doğru olan bölüm, Konç
K, Keman türünden, en kalın sesli yaylı saz, Kontrbas
K, Bir konutun, bir mülkün veya taşıt gibi herhangi bir şeyin belli bir bedel karşılığında, bir süre için sahibi tarafından başkasına verilmesi, Kira
K, Denizin, gölün küçük girintiler biçiminde karaya doğru sokulmuş bölümü, Koy
K, Özellikle çocukluk çağında görülen, tükürük bezlerinin iltihaplanması ve ağrılı şişmesiyle seyreden, bulaşıcı viral bir enfeksiyon, Kabakulak
K, Yolculuk için hazırlanan yiyecek, Kumanya
K, Bir yalıtkan malzemenin iki iletken metal tabaka arasına yerleştirilmesiyle oluşturulan, iki uçlu bir devre elemanı, sığaç, Kondansatör
K, Sünnet töreninin masraflarını karşılayan ve sünnetçi önünde çocuğu tutan kimse, Kirve
K, Gözün en ön kısmında bulunan, şeffaf, kubbe şeklindeki saydam tabaka, Kornea
K, Tavana sabitlenerek üzerine perde takılan, metal veya plastikten yapılmış araç, Kornej
K, Bacalarda biriken kalın is, Kurum
K, Güreşçinin, rakibini altına alıp bir elini önden, ötekini arkadan geçirerek ellerini kilitlemesi, Künde
K, Bir kimsenin adı, soyadı, ülkesi, doğumu, mesleği vb. bilgilerini gösteren kayıt, Künye
K, Metallerin içinde bulundukları ortam ile kimyasal veya elektrokimyasal reaksiyonlara girerek metalik özelliklerini kaybetmeleri olayı, Korozyon
K, Buğdaygillerden, sulak, nemli yerlerde yetişen, boğumlu, sert gövdeli, şerit yapraklı bitkilerin genel adı, Kamış
K, Pipet, Kamış
K, Tıp öğretiminde, üzerinde çalışma yapılan ölü insan veya hayvan vücudu, Kadavra
K, Yeni doğmuş çocuğu ilk aylarda sıkıca sarıp sarmalamaya yarayan geniş bez, Kundak
K, Bir binayı, mülkü veya araziyi kasten ateşe vererek yakmak, Kundaklama
K, Hekim olmayan kimselerin yaptıkları veya salık verdikleri, hekimlikte kullanılmayan ilaç, ... ilacı, Kocakarı
K, Gazete, dergi gibi süreli yayınlardan kesilerek saklanan yazı, haber veya resim parçası, Kupür
K, Ayakkabı çekeceği, Kerata
K, Kısrak sütünün mayalanmasıyla yapılan, az alkollü, ekşi bir Türk içkisi, Kımız
K, Kumarhanede veya oyun oynanan bir yerde oyunu yöneten kimse, Krupiye
K, Nitrik asidin halk arasında bilinen adı, Kezzap
K, Bir giysinin iki yanını bitiştirmeye yarayan ve metal bir halka ile bir çengelden oluşan araç, Kopça
K, Alman kralı, Kayzer
K, Dişi at, Kısrak
K, Kışla, okul, tutukevi, hastane vb. kalabalık yerlerde, içinde birçok kimsenin yattığı veya barındığı büyük oda, Koğuş
K, Ucuz, özenmeden ve bayağı cins ayakkabı, kemer, cüzdan yapan veya satan esnaf, Kavaf
K, Işık şiddeti birimi, Kandela
K, Gerçekte gerek duyulmayan maddeleri çalma dürtüsü, Kleptomani
K, Askerlerin bir komutanın emrinde bir araya gelmesinden oluşan birlik, Kıta
K, Televizyonda programlar için ayrılmış özel zaman dilimi, Kuşak
K, Bir ucu sürtünme sonucu yanabilecek birleşimde olan küçük tahta veya karton parçası, Kibrit
K, Bele sarılan uzun ve enli kumaş, Kuşak
K, Birine göre teyze, dayı, amca veya halanın erkek çocuğu, Kuzen
K, İstediğini yaptırabilme gücü, Kudret
K, Eklem bacaklıların ve kabukluların dış dokusunu oluşturan, bazı mantar ve likenlerde de rastlanan, dayanıklı ve esnek organik madde, Kitin
K, Ölünün gömülmeden önce sarıldığı beyaz bez; kefen bezi, yakasız gömlek, Kefen

L, Feshetmek, hükümsüz kılmak, Lağvetmek
L, Barcelona futbol kulübünün altyapısına verilen isim, La Masia
L, İngiltere'de babadan oğula veya ailenin ilk erkek kişisine geçen veya kral tarafından bağışlanan soyluluk ünvanı, Lord
L, Gürcistan'ın milli para birimi, Lari
L, Takımların belli kurallar çerçevesinde karşılıklı olarak iç ve dış sahalarda karşılaştıkları yarışma grubu, Lig
L, Tavuğun bir kemiğini iki kişinin birer ucundan tutarak kırmasından sonra birinin bir şeyi "aklımda" demeden ötekinden almasıyla yenik sayılması kuralına dayanan bir oyun, Lades
L, Bir kimsenin, kendisine iş verilmeye uygunluk, yaraşırlık durumu, Liyakat
L, Yunan alfabesinin 11. harfi olup fizikte dalga boyu, kimyada radyoaktif bozunma sabiti gibi pek çok bilimsel formuülde kullanılan sembol, Lambda
L, İnce, geniş makarna yapraklarının arasına beşamel sos, bolonez sos ve peynir konularak kat kat dizilmesiyle hazırlanan, fırınlanmış köklü bir İtalyan hamur işi yemeği, Lazanya
L, Nişastalı tanelerin, su ile kaynatılarak bulamaç kıvamına getirilmiş durum, Lapa
L, Hayvan ve bitki dokularının eter, benzen, kloroform vb. yağ çözücülerinde eriyen bölümü, Lipit
L, Mecazi anlamda herhangi bir düzenin iyi işlemez olması, gevşemek, bozulmak, Laçkalaşmak
L, Deri ve saç bakımında kullanılan alkollü veya alkolsüz, kokulu sıvı, Losyon
L, Gemilerin barınmalarına, yük alıp boşaltmalarına, yolcu indirip bindirmelerine yarayan doğal veya yapay sığınak, Liman
L, Nazik, hoş, ince espri, Latife
L, Bozulmuş veya bozulmaya yüz tutmuş olan dostluk ilişkisi, Limoni
L, Nitelikleri, özü, hareketleri, davranışlarıyla bir şeyi elde etmeye hak kazanmış olan, Layık
L, Belli bir iş kolunda usta, kalfa ve çırakları içine alan esnaf kuruluşu, Lonca
L, Mecaz anlamda ara vermeden söylenilen saçma sapan söz dizisi, Laklak
L, Bir sporcunun resmî yarışmalara katılabilmesi için spor federasyonunun kendisine verdiği kayıt fişi veya kimlik kartı, Lisans
L, Genellikle dört yıl süren üniversite veya yüksekokul öğrenimi, Lisans
L, Çamgillerden, 50-60 metre yüksekliğinde, düz gövdeli, kozalağı aşağıya doğru sarkık, kerestesi ve reçinesi değerli, çam türüne çok yakın bir orman ağacı, Ladin
L, Kamaralarla alt güverteleri aydınlatmak için bordalardan ve güvertelerden açılan yuvarlak pencere, Lomboz
L, Tanrı'nın merhametinden yoksun olma, Lanet
L, Belirli bir konu veya bilim dalında yayınlanmış kitap, makale, tez ve akademik çalışmaların tümünü ifade eden terim, Literatür
L, Taş bilimi, Litoloji
L, Çalgı onaran veya yapıp satan kimse, Lutiye
L, Şehzadelerin özel eğitmenleri, Lala
L, Ayakkabı boyama, Lostra
L, Eti ve karnı beyaz, sırtı koyu, hafif pullu, kemikli bir balık, Lüfer
L, Bir işlem sonrası, metal yüzeyleri su ile yıkama, Lavaj
L, Doğrusal, Lineer
L, Sıradan olmayıp pahalı zevkleri içinde barındıran, Lüks
L, Akyuvar içeren, kan plazmasına benzeyen renksiz sıvı, Lenf
L, Önem verilen, sayılan birinden gelen iyilik, kayra, Lütuf
L, Bir kişi veya grubun, paylaşımları nedeniyle internet kullanıcıları tarafından topluca ve acımasızca eleştirilmesi, aşağılanması veya hedef gösterilmesi, Linç
L, Tiyatro, sinema vb. eğlence yerlerinde veya parlamento salonlarında özel bölme, Loca

M, Hafif makineli tüfek, Mirtalyöz
M, Dört dizeli bentlerden oluşan divan şiiri, Murabba
M, Eğlendirici, güldürücü kişi, Maskara
M, I. Dünya Savaşı’ndan sonra bazı az gelişmiş ülkelerin, bağımsızlığa hazır hâle gelene kadar Milletler Cemiyeti adına büyük devletler tarafından yönetilmesi yetkisi, Manda
M, Başkalaşma, Metamorfoz
M, Sahip olunan mal veya paralar, Maddiyat
M, Para, kazanç karşılığı olarak kötü, uygunsuz işler çeviren kimse, Mürtekip
M, Gösteri amacıyla veya bir olaya dikkati çekmek için genellikle açık yerlerde yapılan toplantı, Miting
M, Fabrika yapımı her türlü kumaş, bez vb. dokuma, Manifatura
M, Bir tarafına kauçuk veya yağlı boya sürülerek su geçirmeyecek duruma getirilen kalın bez, Muşamba
M, Yağmur sularını kanalizasyon şebekesine çekmek için kullanılan üzeri parmaklıklı demirle kapatılmış delik, Mazgal
M, İçi yumuşak bir malzeme ile doldurularak dikilen, oturmaya, yaslanmaya yarar şilte, Minder
M, Hamur kıvamına getirilmiş madde, Macun
M, Nane kokusu, Mentol
M, Bir kurum veya kuruluşu yöneten kimse, Müdür
M, Tekrarlama sonucu kazanılan yatkınlık, alışkanlık, Meleke
M, Büyükbaş ve küçükbaş hayvanların süt elde etmek amacıyla beslenip barındırıldığı, süt ve süt ürünlerinin üretildiği çiftlik, Mandıra
M, Açık artırma ile satış yapılan yer, Mezat
M, Dinî kurallara uygun olarak kesilmemiş olan hayvan, Murdar
M, Fransızcadan dilimize giren hiç değiştirmeden anlamında kullanılan bir zarf, Motamot
M, Yer kabuğunun bazı bölgelerinde çeşitli iç ve dış doğal etkenlerle oluşan, ekonomik yönden değer taşıyan mineral, Maden
M, Siyasi otoritenin genellikle miras yolu ile bir kişinin üzerinde toplandığı devlet düzeni, Monarşi
M, Bir şeyin bal mumu, alçı vb. bir madde ile kalıbını çıkarmak için yapılan işlemlerin bütünü, Mulaj
M, Rusya'nın başkenti, Moskova
M, Bakırdan yapılmış, iki buçuk para değerinde sikke, Mangır
M, Alevilikte özel bir dinî tören ile atanan ve kişinin hem dünyada hem de ahirette kardeşi ve yoldaşı kabul edilen kimse, Musahip
M, Bağnaz, Mutaassıp
M, Ele geçirilmiş, zapt edilmiş, Mazbut
M, Savaşçıların veya itfaiyecilerin başlarına giydikleri demir başlık, Miğfer
M, Gözle görülüp elle tutulamayan, madde ve cisimle ilgisi bulunmayan anlamında bir sıfat, Manevi
M, Eski Yunan felsefesinde bölünmez birlik, Monat
M, Bir kişi, grup, siyasi parti veya sanat akımının inançlarını, niyetlerini ve amaçlarını kamuoyuna açıkça ilan eden yazılı bildiri veya beyanname, Manifesto
M, Bir mücadelede üstünlük elde etmiş, utkulu, Muzaffer
M, Dikkat çekmek, toplumda odak noktası hâline gelmek için yalana başvuran, bir noktadan sonra kontrolü kaybederek söylediği yalana kendisi de inanmaya başlayan kimse, Mitomani
M, Kısa ökçeli, bağsız ayakkabı, Makosen
M, Atların eğitildiği, binicilik derslerinin yapıldığı ve antrenmanların gerçekleştirildiği, özel bir zeminle kaplı açık veya kapalı eğitim alanı, Manej
M, Yapılan bir iyiliğe karşı kendini borçlu sayma, gönül borcu, Minnet
M, Hücrede enerji üretiminden sorumlu olan ve oksijenli solunumun gerçekleştiği organel, Mitokondri
M, Rendelenen veya ezilen meyvelerin şekerle kaynatılıp püre kıvamına getirilmesiyle yapılan, genellikle kahvaltılarda yenilen bir tatlı, Marmelat
M, Boyna zincirle takılan, genellikle değerli metalden yapılmış, içine küçük resim gibi şeyler konulan, türlü biçimde süs eşyası, Madalyon
M, Birbirine bağlı gruplar halindeki atomların oluşturduğu kimyasal bileşiklerin en küçük temel yapısına verilen ad, Molekül
M, Kalın oklava, Merdane
M, Genellikle metalden yapılan, dört parmağın içinden geçmesiyle avuç içine yerleştirilen ve yumruk atıldığında darbe etkisini ciddi oranda artıran, yaralayıcı bir savunma aracı, Muşta
M, Olumlu, pozitif, Müspet
M, -den sonra anlamı vermek için kullanılan Arapça kökenli bir zarf, Müteakip
M, Birbirine uyan, karşılıklı olarak anlaşmaya varan, birbiriyle uzlaşan, Mutabık
M, Cami, mescit vb. yerlerde Kâbe yönünü gösteren, duvarda bulunan ve imama ayrılmış olan oyuk, Mihrap
M, Boğa güreşçisi, Matador
M, Bir makine, cihaz veya mobilyanın parçalarını yerli yerine takma, Montaj
M, Bir yazıyı biçim, anlatım ve noktalama özellikleriyle oluşturan kelimelerin bütünü, Metin
M, El masajı, ölü derinin temizlenmesi, tırnaklara şekil verme, tırnak törpüleme gibi işleri içeren el bakımı, Manikür
M, Japonlara özgü çizgi roman, Manga
M, 10 kişilik asker birliği, Manga
M, Özür, bahane, Mazeret
M, Almanya’nın ve Finlandiya’nın eski para birimlerinin adı, Mark
M, Kimi takım oyunlarında, karşı takım oyuncusunun eylemine ayakla ya da vücut hareketiyle engel olma, Markaj
M, Yassı solungaçlı, yumuşakçalardan, kabukları birbirine eşit, denizlerin kayalık yerlerinde kümeler durumunda yaşayan eti yenir bir hayvan, Midye
M, Hesap işlerinin yürütüldüğü yer, Muhasebe
M, Tadı az şekerli olmakla birlikte daha çok ekşi olan, Mayhoş
M, Birinin toprağını işleyerek yalnızca ürüne ortak olan kimse, Maraba
M, İdrar torbası, Mesane
M, Hareketli olan, taşınabilir olan, Mobil
M, Bir fitilin etrafına erimiş bal mumu, içyağı, stearik asit veya parafin dökülerek genellikle silindir biçiminde dondurulan ince, uzun aydınlatma aracı, Mum
M, Yeraltında veya yapıların alt katlarında genellikle depo amaçlı kullanılan kapalı ve genelde serin ortam, Mahzen
M, Yan yana gelerek bir bezeme işini oluşturan ve kendi başlarına birer birlik olan ögelerden her biri, Motif
M, Osmanlı Mebusan Meclisi tarafından 28 Ocak 1920'de kabul edilen ve Türk Kurtuluş Savaşı'nın hedeflerini, vatanın bölünmez bütünlüğünü ve bağımsızlık şartlarını belirleyen 6 maddelik belge, Misakımıilli
M, Gemilerde, ambarlara ve makine bölümüne hava vermek için güverteye açılan baca, Manika
M, Normal sıcaklıkta doğada katı durumda birtakım maddelerle karışık veya birleşik olarak bulunan veya kimyasal yollarla elde edilen inorganik madde, Mineral
M, Hz. İsa'nın doğduğu gün, Milat
M, Dikkat çekmek, toplumda odak noktası hâline gelmek için yalana başvurma ve sonrasında söylediği bu yalana inanma biçiminde ortaya çıkan rahatsızlık, Mitomani
M, Afrika'nın Mısır dışındaki kuzey ülkeleri, Mağrip

N, Inception, The Prestige ve Oppenheimer gibi dünyaca ünlü filmlerin yönetmeni, Christopher ..., Nolan
N, Gerçekten, hakikaten anlamına gelen bir zarf, Nitekim
N, Akraba ve yakın arkadaşları kayırma, Nepotizm
N, Birini üzmek için veya inat olsun diye yapılan iş, Nispet
N, Yargılama ve değerlendirmenin kendisine göre yapıldığı ölçüt, uyulması gereken kural, Norm
N, Hayvanın yürüyüşünü hızlandırmak için üvendirenin veya kısa bir sopanın ucuna çakılmış sivri demir çivi, Nodul
N, Tarlayı sürüp herhangi bir şey ekmeden dinlenmeye bırakma, Nadas
N, İstenilen düzene, kurallara uygun olan, Nizami
N, Bir toplum içinde ahlak kurallarına ve toplumsal değerlere bağlılık, Namus
N, İlahi bir güç tarafından gönderildiğine inanılan parlaklık, Nur
N, Gelinin düğün sırasında ihtiyaçlarını karşılamak üzere yanında bulunan yakın kız veya kadın arkadaşı, Nedime
N, Duvar içinde bırakılan oyuk, Niş
N, Sarhoş veya külhanbeyi bağırması, Nara
N, Hatay ili ve çevresinde yaşayan bir topluluk, Nusayri
N, Tenis, masa tenisi gibi oyunlarda servis atışlarında topun karşı sahaya geçerken fileye değdiğini belirten söz, Net
N, II. Dünya Savaşı'nda Müttefik Devletlerin Nazi işgali altındaki Fransa'ya başlattığı deniz operasyonu, ... Çıkarması, Normandiya
N, Birinin geçindirmekle yükümlü bulunduğu kimselere, mahkeme kararıyla bağlanan aylık, Nafaka
N, Huzursuzluk, ara bozma sebebi olacak şeyleri yapmak anlamında eklemek, ... ... ekmek, Nifak Tohumu
N, Belli kimselerde bulunduğuna inanılan, kıskançlık veya hayranlıkla bakıldığında insanlara, eve, mala mülke hatta cansız nesnelere kötülük verdiğine inanılan uğursuzluk, Nazar
N, Çivi, kilit, menteşe gibi yapı işlerinde kullanılan şeyleri satan kimse, Nalbur
N, Hayvanların ayağına nal çakan kimse, Nalbant
N, Belli sayıda noktanın konumunu kesin olarak tespit edebilmek için, bu noktaları tepe olarak kabul ederek bir alanı üçgenlere bölme işi, Nirengi
N, Vücudun herhangi bir bölgesinde veya dokusunda ortaya çıkan anormal doku büyümeleri, Nodül
N, Çağırma, bağırma, seslenme, Nida
N, Hastalık sebebiyle titreme, yüksek ateş, Nöbet
N, Bir yerden alıp başka bir yere iletme, Nakil
N, Kaldırma, hükümsüz bırakma, Nesih
N, Milliyetçilik, Nasyonalizm
N, Tenis, masa tenisi gibi oyunlarda servis atışlarında topun karşı sahaya geçerken fileye değdiğini belirtmek için kullanılan söz, Net

O, Şeffaf zıttı, mat yüzey, Opak
O, İzcilikte küçük birliklerin başı, Oymakbaşı
O, Eski Yunan tiyatrolarında, sahne ve seyirciler arasındaki çember biçiminde olan koro yeri, Orkestra
O, Yaptırma, yasak etme, emretme, itaat ettirme hakkı veya gücü, Otorite
O, Güvenlik güçlerince suçluların yakalanması için düzenlenen eylemler bütünü, Operasyon
O, Eskiden beri mevcut olan özelliklerini taşıyan, Otantik
O, Serbest meslek adamlarını içinde toplayan resmî birlik, Oda
O, Hem et hem ot ile beslenen canlı, Omnivor
O, Bir işi doğru ve uygun bulmak, tasvip etmek, Onamak
O, Hücre içerisinde bulunan kendi içinde özelleşmiş yapı, Organel
O, Yüzeyi ışığa karşı duyarlı bir madde ile kaplı kâğıt üzerine, kalıptan çekilmiş resim kopyası, Ozalit
O, Eski Yunanistan'da Zeus onuruna yapılan yarışmalar, Olimpiyat
O, Hamur açmakta kullanılan, silindir biçimindeki uzun, ince değnek, Oklava
O, Varlığı deneyle kanıtlanmış şey, Olgu
O, Elle yapılan kalın, seyrek dikiş, Oyulga
O, Gemi kaburgasının baş bodoslamadan kıç bodoslamaya kadar alttan devam eden ağaç veya sacdan yapı ögesi, Omurga
O, İyi huylu kimse, Oğuz
O, Saç diplerinin koyu bırakılıp uçlara doğru rengin kademeli olarak açıldığı popüler bir saç boyama tekniği, Ombre
O, Varlığın temel yapısını, doğasını, kategorilerini ve ilkelerini inceleyen felsefe dalı, Ontoloji
O, Kemik erimesi, Osteoporoz
O, Toprak veya taş üzerinde suyun akması için açılmış yol, Oluk
O, Bir varlığı gelecekteki belirli bir tarihte, önceden belirlenmiş bir fiyattan alma veya satma hakkı veren türev sözleşme, Opsiyon
O, Yeniçeri kuruluşunda görevi alaylarda selam törenlerini düzenlemek ve yönetmek olan subay, Odabaşı
O, Özenli, düzgün, uygun olan, Onat
O, Solo sesler, koro ve orkestra için yazılmış, oyun ögesi bulunmayan, kutsal nitelikte müzik eseri, Oratoryo
O, İki büyüklük, iki nicelik arasındaki bağıntı, Oran

P, Hamamda örtünmek için kullanılan ince dokuma, Peştamal
P, Sansargillerden, su kıyılarında kazdıkları deliklerde yaşayan, ot ve etle beslenen, memeli bir hayvan, Porsuk
P, Kumaş, kâğıt vb. maddelerde bir bölümün öbürünün üzerine getirilmesiyle oluşturulan kıvrım, Pile
P, II. Dünya Savaşı’nda Alman ordusunun kullandığı, günümüzde polis tarafından da kullanılan zırhlı, hafif silahlı araç, Panzer
P, pembeye çalan beyaz tüylü, kanatları gri renkli, alt gagasında deriden bir kesesi olan iri kuş; kaşıkçı kuşu, Pelikan
P, Hristiyanların ve Yahudilerin belli günlerde et, yağ vb. yiyecekleri yemeden tuttukları oruç, Perhiz
P, İçinde dükkânlar bulunan, üzeri kapalı veya açık çarşı, Pasaj
P, Ucundaki lüle içine tütün konulan ve yakılarak dumanı çekilen kısa, çubuk biçimindeki tütün içme aracı, Pipo
P, Görüş uzaklığını çok azaltmayan bir tür hafif sis, Pus
P, Kamyon, otomobil vb. kara taşıtlarına takılan numara levhası, Plaka
P, Belirli bir sürenin sonunda belirli bir parayı kendi adına veya bir başkasının emrine ödemesi için alacaklının borçluya yazdığı bildiri, Poliçe
P, Kılığının veya eşyasının düzgün ve temiz olmasına özenmeyip düzensizlik içinde yaşayan kimse, Pasaklı
P, Matematikte teoremler veya kurallar yardımıyla çözülmesi istenen soru, Problem
P, Başkasının malını birine armağan etmek, ... çekmek, Peşkeş
P, Kaz, ördek, güvercin vb. bazı kuş yavrularının civcivlikten sonraki durumu, Palaz
P, Antlaşma, Pakt
P, Bir alışveriş veya hizmet için önceden verilen para, Peşinat
P, Kavisli, kısa, uç bölümü geniş, kabzasına doğru daralan bir tür kılıç, Pala
P, Hammaddesi petrol olan, ısıya karşı dayanıklı, hafif, kabarık hacimli ve yumuşak bir tür kumaş, Polar
P, Bazı araçlarda, motorlarda bir silindir içinde düzenli hareket eden daha küçük çaplı silindir, Piston
P, Gösteri yapmak, dans etmek vb. için düzenlenmiş, genellikle yuvarlak yer, Pist
P, Futbolda oyunculardan birinin topu takım arkadaşına atması, Pas
P, Bir hava taşıtını yönetme, Pilotaj
P, Sebzeyi, eti ezerek veya süzgeçten geçirerek elde edilen ezme, Püre
P, Sunulabilir durumda olan, derli toplu, düzenli, Prezantabl
P, Otomobil yarışlarında aracı kullanan kimse, Pilot
P, Mikrobiyolojinin kurucusu kabul edilen Fransız kimyager ve mikrobiyolog, Louis ..., Pastör
P, Noktalı, benekli kumaş, Puantiye
P, Mayalı hamurdan yapılan, yağda kızartılarak pişirilen bir yiyecek, Pişi
P, Mecaz anlamda bir yerde hiçbir iş yapmadan oturmak, Pineklemek
P, Herhangi bir konuda gerçeğe aykırı, uydurma söz veya haber, Palavra
P, Pudra sürmek için kullanılan yumuşak tüylü tuvalet gereci, Ponpon
P, Operada başrol oynayan kadın oyuncu, Primadonna
P, Kaz, ördek, martı gibi hayvanların parmaklarını birbirine bitiştiren zar, Perde
P, Üzerine bir cismin görüntüsü yansıtılan saydam olmayan yüzey, Perde
P, Metrik sistemde metrenin trilyonda birine eşit olan uzunluk birimi, Pikometre
P, Işığı belirli dalga boylarında yansıtarak veya emerek renklendirme özelliği gösteren, içinde bulunduğu çözücüde çözünmeyen renklendirici maddelere verilen ad, Pigment
P, İşi veya çalışmayı geçici olarak bırakma, Paydos
P, Hristiyanlıkta İsa Mesih'in çarmıha gerildikten üç gün sonra dirilişini simgeleyen inancın bayramı, Paskalya
P, Metrekare başına 1 Newton'luk kuvvetin uyguladığı basınç olarak tanımlanan, Uluslararası Birimler Sistemi'nde temel basınç birimi, Paskal
P, Yazı yazmak, resim yapmak için özel olarak hazırlanan deri, Parşömen
P, ilaç kutularının içinde yer alan; ilacın içeriğini, kullanım şeklini, yan etkilerini, saklama koşullarını ve üretim bilgilerini detaylandıran belge, Prospektüs
P, Tavuğun küçüğü, erginleşmemiş tavuk veya horoz, Piliç
P, Bayağı kesirlerden birinin eşit parçalardan kaç tane aldığını gösteren sayı, Pay
P, Bir eserin, tarzın, sanatçının veya konunun alaycı, komik veya eleştirel bir amaçla abartılarak taklit edilmesi sanatı, Parodi
P, Serin havalarda öbür giysilerin üzerine giyilen, paltodan ince üstlük, Pardösü
P, Adından, yetkisinden, gücünden kendisine belli etmeden yararlanılan kuruluş, Paravan
P, SIM kart, banka/kredi kartı veya cihaz güvenliği için kullanılan 4-6 haneli sayısal şifre, ... kodu, Pin
P, Genellikle askerlerin giydiği konçlu ve kaba potin, Postal
P, Duyguların, düşüncelerin ve hikayelerin söz kullanılmadan, sadece mimikler, jestler ve beden diliyle anlatıldığı sessiz tiyatro sanatı, Pandomim
P, Özellikle futbol ve voleybolda sporcuların, ulaşılması zor topları kurtarmak amacıyla yere paralel şekilde, ileriye doğru atlayarak yaptıkları savunma hareketi, Plonjon
P, Denizaltılarda, tanklarda, siperlerde kullanılan, gözlemcinin güvenli bir biçimde çevreyi araştırmasını sağlayan mercekli araç, Periskop
P, Boş film, film şeridi, Pelikül
P, Tırnakları kesip düzeltme, nasırları yumuşatma veya çıkarma gibi işlerden oluşan ayak bakımı, Pedikür
P, Devletler hukukunda bir ulusun hangi devlete bağlanacağıyla ilgili oylama, Plebisit
P, Tıbbi etkisi olmayan etkisiz bir maddenin, hastaya "iyileştirici" olarak sunulmasıyla ortaya çıkan psikolojik iyileşme durumu, Plasebo
P, Sınavlarda cevaplandırılacak soruların sayı olarak değeri veya cevaplayanın başarı değeri, Puan
P, Malların teker teker veya birkaç parça durumunda azar azar satılmasına dayanan satış biçimi, Perakende
P, Fotoğraf ve videoda doğru pozlama için ortamdaki ışık miktarını ölçen cihaz, Pozometre

R, Zarara uğrama tehlikesi, Risk
R, 1950'lerde ABD'de doğan, elektro gitar, bas gitar ve davul merkezli, güçlü ritimlere sahip popüler bir müzik türü, Rock
R, Bir mağazanın yalnız bir tür eşya satılan bölümü, Reyon
R, Bir devletin yönetim biçimi, Rejim
R, İkiyüzlülük, Riya
R, Gözlemevi, Rasathane
R, Et suyu, buğday eriştesi, soya sosu veya miso gibi çeşniler ve yumurta, nori gibi çeşitli malzemelerle hazırlanan Japon erişte çorbası, Ramen
R, Kendisine kitap indirilmiş peygamber, Resul
R, Bir bilyenin, dönmekte bulunan derin tepside yazılı numaralarından ve siyah ile kırmızı renklerden birinin üzerinde durmasıyla kazananı belirten bir kumar oyunu, Rulet
R, Bir dairede yarıçap uzunluğundaki yay parçasını gören merkez açıya eşit açı ölçme birimi, Radyan
R, Hava, su veya buharı ısıtmak veya soğutmak suretiyle meydana gelen sıcaklığı veya soğukluğu yayan, ısıtma ve soğutmada kullanılan cihaz, Radyatör
R, Koyun sütünden yapılan, mahzenlerde olgunlaştırılan, içi özel küflü peynir, Rokfor
R, Geçerli ve değerli olma, herkesçe istenme, Revaç
R, Verim, Randıman
R, Karşı çıkış, Rest
R, Kişinin olumsuz duygu, düşünce veya yaşanmış travmatik olayları çözüm üretmeksizin zihninde sürekli tekrar etmesi, aşırı düşünme döngüsüne girmesi, Ruminasyon
R, Uygun bulan, benimseyen, isteyen, kabul eden, Razı
R, Dönen bıçakları sayesinde içine konulan gıdaları kıyma, parçalama, doğrama işine yarayan mutfak aleti, Rondo
R, Bir işte bir kimse veya şeyin üstüne düşen görev, Rol
R, Arapça'da ortaokul derecesinde olan eğitim kurumu, Rüştiye
R, Yarışmacıların otomobille belli yolları izleyerek ve özel kurallara uyarak belirli bir yere ulaşmalarına dayanan otomobil yarışı, Ralli
R, Et, tavuk veya sebze suyunda pişirilerek krema kıvamına getirilmiş bir tür İtalyan usulü pirinç pilavı, Risotto
R, Suudi Arabistan, Katar, İran, Umman gibi Orta Doğu ülkelerinde kullanılan resmi para birimi, Riyal
R, Bazı bitkilerde, özellikle çamlarda oluşan, katı veya yarı akışkan organik salgı maddesi, Reçine
R, Saç renginin beş altı ton açığını kullanarak saça istenilen kalınlık ve sıklıkta, parça parça yapılan renk uygulamas, Röfle
R, Dönen bıçakları sayesinde içine konulan gıdaları kıyma, parçalama, doğrama işine yarayan mutfak aleti, Rondo
R, Kaslarda ve özellikle eklemlerde kendini gösteren ağrılı hastalıkların genel adı, Romatizma
R, Bir binicinin yabani at, sığır veya boğa üzerinde durabilmesine dayanan Amerikan oyunu, Rodeo
R, Üzerinde boks yapılan, çevresi kordonla çevrilmiş yer, Ring
R, Bir sanat eserinin bire bir kopyası, Replika
R, Tiyatro, sinema veya dizi oyunlarında oyuncuların birbirlerine söyledikleri sözlerin her birine, karşılıklı konuşmalardaki yanıtlara verilen isim, Replik
R, Bir gemi veya uçağın gidiş yönü, izleyeceği yol, Rota
R, Haşlandıktan sonra veya doğrudan doğruya kızartılarak pişirilen, dilim dilim kesilen et, Rosto
R, Halk oylaması, Referandum
R, Latince "geriye doğru" anlamına gelen, geçmiş dönemlerin moda, tarz ve tasarımlarını taklit ederek günümüzde yeniden üretilen eşya, giyim ve dekorasyon akımı, Retro
R, Hindistan, Pakistan, Nepal, Endonezya ve Sri Lanka gibi bazı Asya ülkelerinde kullanılan resmi para birimi, Rupi
R, Çeşitli uyarıları alabilen ve duyu organlarının yapısında bulunan özelleşmiş hücre, hücre grupları veya sinir uçları, Reseptör
R, Şiirde uyaktan sonra tekrarlanan, aynı harflerden oluşan kelime veya ek, Redif
R, Bir dizede, bir notada vurgu, uzunluk veya ses özelliklerinin, durakların düzenli bir biçimde tekrarlanmasından doğan ses uygunluğu, Ritim

S, Gelip geçici, çabuk sona eren anlamına gelen bir söz, ... alevi, Saman
S, Sebze ve meyvelerin yetiştirildiği ve hava şartlarına karşı korunduğu cam ve naylonla kaplı yer, Sera
S, Gaz veya sıvıların tek yönlü geçişini sağlayan, akışı açıp kapatarak düzenleyen mekanik kapakçık sistemi, Sibop
S, Bir cisim, katı durumdan sıvı durumuna geçmeden doğrudan doğruya gaz durumuna dönüşme, Süblimleşme
S, Suya karbondioksit ve bikarbonat eklenerek elde edilen, sindirimi kolaylaştırmak için tüketilen içecek, Soda
S, Duyu ve hareket uyarılarını beyinden organlara, organlardan beyne ileten beyazımsı teller ve bu tellerin oluşturduğu demet, Sinir
S, Belirli bir süre içinde arka arkaya giden şeyler, dizi, Sekans
S, Ağaçlarda yaşayan, genellikle meyveyle beslenen, çok tüylü, uzun kuyruklu, ince gövdeli bir hayvan, Sincap
S, Ceza olarak belli bir yerin dışında veya belli bir yerde oturtulan kimse, menfa, Sürgün
S, İçine bir şey katılmamış olan, Sade
S, bir evrakın işleme konulmasını engellemek, ... etmek, Sümen Altı
S, Dik, çıkması ve geçilmesi güç yer, Sarp
S, Ağızdan sızan tükürük, Salya
S, Anlam bilimi, Semantik
S, Zambakgillerden, yumrusu ve yeşil yaprakları salata ve yemeklere tat vermek için kullanılan, acımsı, keskin kokulu bir bitki , Soğan
S, At takımları, araba koşumları, deriden ve meşinden eşya yapılan ve satılan yer, Saraçhane
S, Atletizmde, atlama dalında, bir sporcunun belli yükseklikteki çıtayı aşmak için destek aldığı uzun ve esnek sopa, Sırık
S, Kapı, pencere vb.ndeki aralıkları örterek hava ve su geçmesini önlemek amacıyla kullanılan şeffaf ve yapışkan bir madde, Silikon
S, İşçilerin veya işverenlerin iş, kazanç, toplumsal ve kültürel konular bakımından çıkarlarını korumak ve daha da geliştirmek için aralarında kurdukları birlik, Sendika
S, Korunulacak, arkasına, altına veya içine girerek saklanılacak yer, Siper
S, Bir müzik parçasının bir kişi tarafından söylenmesi veya çalınması, Solo
S, Cıvatanın ucuna geçirilen, içi yivli demir başlık, Somun
S, İpin yanı sıra altın ve gümüş tellerle dokunan, kaftan ve giysi dikiminde kullanılan bir tür ipekli kumaş, Sündüs
S, Çiçeksiz bitkilerde üreme organı, Spor
S, Ticaret gemilerinde kaptanlık yapan kimse, Süvari
S, Çin dili, medeniyeti, tarihi vb. konuları inceleyen bilim dalı, Sinoloji
S, Tapınaklarda dinî tören eşliğinde üzerinde kurban kesilen, günlük yakılan taş masa, Sunak
S, Mızmız, sevimsiz, başkalarıyla ilişki kurmayan kimse, Sinameki
S, Besinlerin çeşitli enzimlerle eritilerek, parçalanarak ince bağırsakta emilebilir, kana karışabilir duruma gelmesi için uğradıkları fiziksel ve kimyasal değişikliklerin bütünü, Sindirim
S, Öğrencilerin veya bir işe girmek isteyenlerin bilgi derecesini anlamak için yapılan yoklama, Sınav
S, Ağaç, kumaş vb. yapılmış bir kanal içinde hareket ederek açılıp kapanan perde, Stor
S, Özel veya kamu kuruluşlarında belli bir makama, kişiye yardımcı olmak amacıyla haberleşmeyi sağlayan, yazışma yapabilen görevli, Sekreter
S, Vücudun içinde birikip dışarı atılamayan sıvıyı çekmek veya vücuda sıvı vermek için kullanılan araç, Sonda
S, Çoğunlukla askerî birliklere verilen yazı işlemeli, kenarları saçaklı ve gönderli bayrak, Sancak
S, Tarihi, kültürel veya arkeolojik güzellikleri nedeniyle devlet tarafından koruma altına alınan, yapılaşma ve değişiklik yapılması kısıtlanan veya yasaklanan alanlara verilen ad, ... Alanı, Sit
S, Bir şeyi çekerek, esneterek uzatmak, Sündürmek
S, Halk şiirinde sevgi, doğa, güzellik konularını işleyen, genellikle koşma gibi kafiyelenen, sekizer hece ölçüsüyle yazılmış şiir, Semai
S, Özellikle elektrik devresinde, akım çok güçlü olduğunda eriyerek güvenliği sağlayan, kazayı önleyen nesne veya düzen, Sigorta
S, Bir şeyin veya bir kimsenin herhangi bir yönden ileride karşılaşabileceği zararı gidermek için önceden ödenen prim karşılığında bu işle uğraşan kuruluşla yapılan iki taraflı bağlantı sözleşmesi, Sigorta
S, İki taraf arasında bir sözleşmenin kurulmasına aracılık eden, komisyon karşılığında iş yapan kişi veya aracı kurum, Simsar
S, Karşılık beklemeden ihtiyaç sahiplerine verilen para ya da mal, Sadaka
S, Yahudilerin ibadet etmek, Tevrat okumak, din eğitimi almak ve cemaat işlerini yürütmek için bir araya geldikleri kutsal mekân, Sinagog
S, Dünya yüzeyinin yaklaşık 10-13 km üzerindeki troposfer ile 50 km'deki mezosfer arasında yer alan ikinci atmosfer katmanı, Stratosfer
S, Ham maddeleri işlemek, enerji kaynaklarını yaratmak için kullanılan yöntemlerin ve araçların bütünü, Sanayi
S, Herhangi bir varlığın düşük bir fiyattan alınarak daha yüksek bir fiyata satılması, vurgunculuk, Spekülasyon
S, Çarpıcı, Sansasyonel
S, Kararlı, dengeli, değişmeyen, sağlam ve sabit, Stabil
S, Birkaç şeyi bir bütün meydana gelecek şekilde birleştirme, Sentez
S, Yapıların içinde, duvarların döşemeyle birleştiği yerde tabandan 10-15 santimetre yüksek, dışarıya çıkıntılı ağaç, mermer veya mozaik kuşak, Süpürgelik
S, Ağaç dallarından yapılan düdük, Sipsi
S, Duyularla ifade edilemeyen bir şeyi belirten somut nesne veya işaret, Simge
S, Değersiz metalleri altına çevirme, hastalıkları iyileştirme ve ölümsüzlük iksirini bulma arayışına dayalı, eski çağlarda deneme-yanılma yoluyla yapılan ilkel bir disiplin, Simya
S, Alınan yolun harcanan zamana oranı, Sürat
S, Doğramacılıkta kereste olarak kullanılan, sıkıştırılmış talaş ve yongadan yapılan tahta, Sunta
S, Toprağın kaymasını veya suyun akmasını önlemek için yapılan kalın duvar, Set
S, Masa tenisi, voleybol vb. oyunlarda maçın her bir bölümü, Set
S, Orkestra için bestelenmiş, birkaç bölümden oluşan uzun müzik eseri, Senfoni
S, Demir yollarında gündüz mekanik olarak kırmızı bir kolla, gece kırmızı ışıkla işaret veren alet, Semafor
S, Basketbolda yakın mesafeden topu sertçe potaya geçirme, Smaç

T, Batı Afrika kıyılarında esen güçlü hava akımı, Tornado
T, Doğu Karadeniz Bölgesi'ne özgü yelkenli bir tür kıyı teknesi, Taka
T, İlerleme, yükselme anlamlarında kullanılan Arapça kökenli bir sözcük, Terakki
T, Güzel sanatlarda kendine özgü teknik, renk ve biçimlendirme biçimi; üslup, stil, konsept, Tarz
T, Kanın pıhtılaşmasına yardımcı olan renksiz kan hücreleri, Trombosit
T, At, eşek vb. tek tırnaklı hayvanların tırnağı, Toynak
T, Üzerine resim yapılan, gerdirilmiş keten, kenevir veya pamuklu kaba kumaş, Tuval
T, Vücuttaki iş yapabilme, başarabilme gücü; derman, mecal, Takat
T, internet ortamında insanların keyfini kaçırmak, tartışma çıkarmak veya provokasyon yapmak amacıyla ironik, hakaret içerikli ya da kışkırtıcı mesajlar paylaşan kişi, Trol
T, Metal paranın resimli yüzü, Tura
T, Mavi, yeşil ve beyazın karışımından ortaya çıkan renk, Turkuaz
T, Yer yüzeyinin özelliklerini kâğıt üzerinde çizerek gösterme işi, Topoğrafya
T, Fiyat gösteren çizelge, Tarife
T, Bir tiyatro oyununda oyuncuların bir defada söylediği parça, Tirat
T, Konusunu efsanelerden veya tarihsel olaylardan alan, acıklı sonuçlarla bağlanan bir tür tiyatro eseri, Trajedi
T, Kokusuz, suda eriyen, yiyecekleri korumada ve tatlandırmada kullanılan billursu madde, Tuz
T, Kutuplara yakın bölgelerin bitki örtüsü, Tundra
T, Kimyada durgun hâldeyken kütleli olan, çok küçük boyutlu madde, Tanecik
T, Özbekistan'ın başkenti, Taşkent
T, Ağacın kesilerek silindir biçimine getirilmiş gövdesi, Tomruk
T, İnce keskin ses, pes karşıtı, Tiz
T, Üç yaşına kadar olan at yavrusu, Tay
T, Mecaz anlamda güçsüzleşmek, bitkinleşmek, Tükenmek
T, Bilgisayar yazıcısı veya fotokopi makinesinde kullanılan toz durumundaki mürekkep, Toner
T, Merdiven korkuluğu, Tırabzan
T, Fincanın dibine çöken kahve tortusu, Telve
T, Bağırıp çağırarak, alkışlayıp tempo tutarak yapılan gösteri, Tezahürat
T, Otomobillerde, içinde sürücü için gerekli şeylerin bulunduğu kapaklı küçük bölme, Torpido
T, Dürülerek boru biçimi verilmiş deriler veya kâğıtlar, Tomar
T, Başsağlığı, Taziye
T, Genellikle pamuk ve kıldan dokunmuş, türlü boy ve biçimde, ağzı büzülüp bağlanabilen araç, Torba
T, Bitkilerde döllenme sonunda yumurtacıktan oluşan ve yeni bir bitki oluşmasını sağlayan tane, Tohum
T, Eski Yunan'da siyasal gücü zorla ele geçiren, onu kötüye kullanan kimse, Tiran
T, Genellikle ünlü bir kimse için yaptırılan ve içinde o kimsenin mezarı bulunan yapı, Türbe
T, Tıpta yüksek dozda verilen herhangi bir ilaca karşı vücudun gösterdiği dayanma gücü, Tolerans
T, Motorlu araçlarda ve endüstriyel makinelerde krank mili veya dönen parçaların dakikadaki devir sayısını ölçen gösterge, Takometre
T, Birleşik bir ışık demetinin bir biçmeden geçtikten sonra ayrıldığı basit renklerden oluşmuş görüntü, Tayf
T, Buğday, arpa, mısır, yulaf, çavdar, pirinç vb. hasat edilen ürünler ile tohumlarının genel adı, Tahıl
T, İki değnek ile çalınan küçük davul, Trampet
T, Bir ülkenin başkenti veya en önemli şehirleri dışındaki yerlerin hepsi, Taşra
T, Mâni biçiminde, aruzun "failatün failatün failün" kalıbıyla yazılmış, dört mısralı bir nazım türü, Tuyuğ
T, Doğaçlama, Tuluat
T, Genellikle yılbaşı kutlamalarında oynanan, torbadan numaralı taşlar çekilerek üzerinde numara yazılı kâğıtlarla oynanan bir şans oyunu, Tombala
T, Oyuncunun sakatlanmaması için giydiği tekmeliğin üstüne çektiği çorap, Tozluk
T, Kan basıncı, Tansiyon
T, Kasları kemiklere bağlayan, kollajen liflerden oluşan esnek ve lifli bağ dokusu, Tendon
T, Gürcistan'ın başkenti, Tiflis
T, Bir haberi, mesajı veya resmi belgeyi ilgili kişiye ulaştırma, bildirme veya duyurma, Tebliğ
T, İslam'da hac ve umre sırasında Kâbe'nin çevresini yedi kez dönme, Tavaf

U, Afrika kıtasının doğu kesiminde yer alan ve denize kıyısı olmayan bir kara ülkesi, Uganda
U, Düz arazide veya açık denizde gökle yerin birleşir gibi göründüğü yer, Ufuk
U, Radyoaktif bir kimyasal element, Uranyum
U, Bir nesnenin uzayda kapladığı yer, Uzam
U, En uç kısımda serviks adı verilen rahim ağzı ve her iki yanda yumurtalıklara uzanan fallop tüpleri bulunan kadın üreme organı, dölyatağı, Uterus
U, Fikir, sanat ve endüstri alanlarında çok büyük bir gelişme göstermiş olan, medeni, Uygar
U, Ele avuca sığmaz, çok haşarı kimse, Uçarı
U, Güneş'e uzaklık sırasında yedinci olan ve Güneş çevresindeki dolanımını seksen dört yılda tamamlayan gezegen, Uranüs
U, Gökyüzünde görülen ancak gözlemci tarafından hemen tanımlanamayan, kökeni bilinmeyen her türlü hava aracı, atmosferik olay veya nesne, Ufo
U, Tıraş için kullanılan, açılır kapanır, çok keskin bıçak, Ustura
U, Türlü amaçlarla yerden fırlatılan ve genellikle kapalı bir yörünge çizerek yer çevresinde dolanan araç, Uydu
U, Karadeniz ağzında erkek çocuk, Uşak
U, Haberci, Ulak
U, Televizyon, müzik seti vb. aletleri, otomobil, oyuncak otomobil vb. araçları belli bir uzaklıktan çalıştırmaya yarayan kablosuz alet, Uzaktan Kumanda
U, Zanaat öğreticisi, Usta
U, Bir şeyin olmasını istemek, ümitle beklemek, Ummak
U, Sıkılarak çekinmek, Utanmak
U, Ahşap veya metal malzemeden yapılan, gitara benzeyen, gitardan daha küçük boyutta olan, dört telli bir yaylı çalgı, Ukulele
U, Hac dönemi dışında Kâbe’yi ve Mekke’nin diğer kutsal yerlerini ziyaret etme, Umre
U, Kalçadan dize kadar olan bacak bölümü, Uyluk

V, Bir görevde asıl görevlinin yerine bakan kimse, Vekil
V, ahıl tanelerinin damıtılmasıyla elde edilen alkollü içecek, Votka
V, Öğüt niteliği taşıyan dini konuşma, Vaaz
V, Bir kimsenin iyiliğini gördüğü, birçok şeyini ona borçlu olduğu kimse, Velinimet
V, Polisi ilgilendiren olay, Vukuat
V, Bir iş yerinde çalışanların belirli zaman dilimlerinde nöbetleşe, sıralı veya dönüşümlü olarak görev yaptığı çalışma sistemi, Vardiya
V, Osmanlı Devleti'nde zamanın olaylarını tespit etmek ve yazmakla görevli devlet tarihçisi, Vakanüvis
V, Sevgiliyle kavuşma, Vuslat
V, İnsan veya hayvanda beden, baş, kol ve bacakların oluşturduğu bütün, Vücut
V, Eski kültür ve sanat anıtlarını yakıp yıkan, bunların değerini bilmeyen kimse veya topluluk, Vandal
V, Aralıksız anlamında kullanılan bir zarf, Vira
V, Bir çocuğu koruyan, işlerine bakan ve her türlü davranışından sorumlu kimse, Veli
V, Bir işin yapılması veya bir borcun ödenmesi için tanınan süre, mühlet, Vade
V, Polonya'nın başkenti, Varşova
V, Kişiyi kendi davranışları hakkında bir yargıda bulunmaya iten, kişinin kendi ahlak değerleri üzerine dolaysız ve kendiliğinden yargılama yapmasını sağlayan duygu, Vicdan
V, Bir yetimin veya akılca zayıf, hasta birinin malını yöneten kimse, Vasi
V, Otel, restoran, alışveriş merkezi, düğün salonu vb. yerlerde gelen müşteri ve misafirlerin araçlarını otoparka park etmekle görevli kimse, Vale
V, Baş dönmesi, Vertigo
V, Devlet tarafından, gelir oluşturmak amacıyla, yasalara dayanılarak, karşılıksız ve gerektiğinde zorla alınan parasal bir yük, Vergi
V, Toplardamar genişlemesi, Varis
V, Mirasçı, Varis
V, İnsan sesiyle yapılan müzik veya şarkıyı seslendiren kişi, Vokal
V, Yatsı namazından sonra kılınan üç rekât namaz, ... namazı, Vitir
V, Müstakil evlerin veya zemin kat dairelerin bahçeye açılan, genellikle üstü çatıyla örtülü, oturma ve dinlenme amaçlı kullanılan açık hava yapısı, Veranda
V, Banka vb. kurum ve kuruluşlarda para alınıp verilen yer, Vezne
V, İçinde motosiklet ve bisiklet yarışlarının yapıldığı pist, Veledrom
V, Besinlerde bulunan, vücutta genellikle yapılmayan, yağda veya suda çözünebilme özelliği olan, eksikliği veya fazlalığı çeşitli hastalıklara yol açan maddelere verilen genel ad, Vitamin
V, Cilde rengini veren melanosit hücrelerinin zarar görmesi veya yok olması sonucu ciltte süt beyazı lekelerin oluştuğu kronik bir deri hastalığı, Vitiligo
V, Boru içindeki bir akışkanın akışını durdurmaya veya serbest bırakmaya yarayan alet, Vana
V, Bir şey karşı çıkma, bir şeyi engelleme, reddetme, Veto
V, Ortalama, Vasat
V, Vadi veya ırmak üstünden demir yolu veya kara yolunun geçişini sağlayan, ayaklar üzerine oturtulmuş, yüksek ve uzun köprü, Viyadük

Y, Japonya kökenli uluslararası organize suç gruplarının üyelerine verilen isim, Yakuza
Y, Bir günlük çalışmanın karşılığı olarak verilen ücret, Yevmiye
Y, 1 birimi yaklaşık olarak 0,91 metreye eşit olan bir uzunluk birimi, Yard
Y, Allah tarafından insanın başına gelmesi ezelde kararlaştırılmış olan şeyler, mukadderat, Yazgı
Y, (Star Wars) evreninde yer alan, en yaşlı ve en bilge Jedi Ustası olan kurgusal bir karakter, Yoda
Y, Kişi, toplum vb. özündeki iyi niteliklerini, değer yargılarını, birtakım dış etkenlerle yitirerek bozulmak, kötüye gitmek; dejenereleşmek, Yozlaşmak
Y, Parmakların kapanmasıyla elin aldığı biçim, Yumruk
Y, Bir şeye istenilen biçimi vermek için dış bölümünü keskin bir araçla biçme, Yontma
Y, Top veya küre biçiminde olan, Yuvarlak
Y, Tabiatta gruplar hâlinde serbest dolaşan yabani at sürüsü, Yılkı
Y, Birdenbire oluşan aşk, ... aşkı, Yıldırım
Y, Hoşa gitmeyen, tatsız olan, Yavan
Y, Kahvelerde oynanan oyunları seyreden ve bedavadan yiyip içen kimse, Yancı
Y, Bitki, tüy vb. çekerek yerinden çıkarmak, çekip koparmak, Yolmak
Y, Doğuştan beri geçen ve yıl birimi ile ölçülen zaman, Yaş
Y, Herhangi bir şeyden çekinmeme, korkmama, yüreklilik, korkusuzluk durumu, Yürek
Y, Delik ve yırtığı uygun bir parça ile onarma, kapatma, Yama
Y, Kötü işlerde birine yardım eden kimse, Yardakçı
Y, Bakıma ve barınmaya muhtaç bir grup insanın oturduğu, yetiştirildiği veya bakıldığı kurum, Yurt
Y, Mecaz anlamda övünç kaynağı, Yüz Akı
Y, Bir kimsenin kardeşinin, dayısının veya amcasının karısı, Yenge
Y, Doğada olduğu gibi kalarak işlenmemiş olan, Yoz
Y, Bir cismin birim hacminin kütlesi, Yoğunluk
Y, Dağın veya tepenin herhangi bir yanı, Yamaç
Y, Sesin yansıtıcı bir yüzeye çarpıp geri dönmesiyle duyulan ikinci ses, Yankı
Y, Kuşların ve başka hayvanların barınmak, yumurtlamak, kuluçkaya yatmak, yavrularını büyütmek veya yavrulamak için türlü şeylerden yaptıkları ve türlü biçimlerde hazırladıkları barınak, Yuva
Y, İki buçukla dört yaş arası çocukların bakıldığı, okul öncesi eğitim kurumu, Yuva
Y, Mecaz anlamda birinin etkisinde kalarak onun sözünden çıkmayan kimse, Yamak

Z, Ay takviminin on ikinci ayı, kurban ayı, Zilhicce
Z, Gücüne güvenerek hükmü altında bulunanlara söz hakkı ve davranış özgürlüğü tanımayan kimse, Zorba
Z, Sülfürik asidin halk dilinde bilinen adı, Zaç Yağı
Z, Argoda çok zayıf, ince ve uzun boylu kişileri tanımlamak için kullanılan mecazi bir ifade, aynı zamanda bir balık türü, Zargana
Z, Zencefilgillerden, kök saplarından safranı andıran boyalı bir madde çıkarılan, yaprakları sivri uçlu, çiçekleri sarı renkte, çok yıllık bir bitki; Hint safranı, Zerdeçal
Z, Tavla gibi oyunlarda kullanılan kemik, fil dişi  vb. maddelerden küp olarak yapılan ve altı yüzünde, birden altıya kadar benekler bulunan oyun aracı, Zar
Z, Kilisenin işlerini yapmak ve çan çalmakla görevli kişi, Zangoç
Z, Bir işte ulaşılan en üst aşama, Zirve
Z, İnsanların maddeye dayanan gereksinimlerini karşılamak için yapılan, öğrenimle birlikte deneyim, beceri ve ustalık gerektiren iş, Zanaat
Z, Tutanak, Zabıt
Z, Orta oyununda veya Karagöz'de kadın rolüne çıkan erkek oyuncu, Zenne
Z, Cam parlaklığında, yeşil renkte, saydam bir süs taşı, Zümrüt
Z, Kötü sonuçlanmış bir işte, çok önemsiz iyi bir yan bularak sevinme, Züğürt Tesellisi
Z, Deprem, Zelzele
Z, Birbirini izleyen, art arda gelen, Zincirleme
Z, Burçlar kuşağı, Zodyak
Z, Yakınma veya hafifseme yoluyla şimdiki zaman, Zamane
Z, Bir nesnenin görüntüsünü büyütmek için objektifin odak uzaklığını değiştirmek, Zumlamak
Z, Hor görülen, aşağı tutulan, aşağılana, Zelil
Z, Deride, sinirler boyunca, özellikle gövde, bacak ve yüzde birtakım ağrılı fiskelerle beliren, mikroplu bir hastalık, Zona
Z, Zenginlerin sahip olduğu mal ve paranın kırkta birinin fakirler başta olmak üzere Kur’an’ın belirlemiş olduğu yerlere dağıtılmasını öngören, İslam’ın beş şartından biri, Zekat
Z, Tutuklu veya hükümlülerin içine konulduğu kapalı yer, Zindan
Z, İsim olmadıkları halde cümlede varlıkların veya kavramların yerini tutan sözcük türü, Zamir
Z, Kaçak ve yasak şeylerin saklandığı gizli yer, Zula
Z, Katran ve diğer organik maddelerin buharlaşmasından veya damıtılmasından elde edilen, kolay kırılan, az ısı ile eriyen, katı, siyah, parlak madde, Zift
Z, Üç veya daha çok aracın trafik kazasına karışması durumu, ... kaza, Zincirleme
Z, Hz. Muhammed'in Hz. Ali'ye armağan ettiği, ucu ikiye ayrılmış kılıç, Zülfikar
Z, Tutanak, Zabıt
Z, Yersiz ve zamansız davranışları olan kimse, Zibidi
Z, Yapmak zorunda kalma durumu, zaruret, Zorunluluk
Z, İç içe geçen sehpa, Zigon
Z, Erkek ve dişi gametin birleşmesiyle oluşan döllenmiş hücre, Zigot
Z, Allah’ın adını art arda söyleyerek yapılan ibadet ve tören, Zikir